{
  "camera_matrix": [
    [
      5861.947151679116,
      0.0,
      1283.640061215121
    ],
    [
      0.0,
      5865.922271518395,
      916.4557091237034
    ],
    [
      0.0,
      0.0,
      1.0
    ]
  ],
  "distortion_coefficients": [
    [
      -0.015260791958035671,
      0.1731135690196635,
      -0.0005913356492937448,
      -0.00041379636127390475,
      2.936403451057459
    ]
  ],
  "reprojection_error": 0.8678088844234583,
  "checkerboard_size": [
    17,
    12
  ],
  "square_size_cm": 1.0,
  "timestamp": "20250605_153234",
  "num_images": 161
}