{
  "camera_matrix": [
    [
      5488.682788749538,
      0.0,
      1305.9308460313991
    ],
    [
      0.0,
      5488.570240215667,
      948.8270351398415
    ],
    [
      0.0,
      0.0,
      1.0
    ]
  ],
  "distortion_coefficients": [
    [
      -0.031761886488730524,
      -0.23803985895511331,
      0.0045407619673737964,
      0.0011837731505490057,
      3.0409842748657603
    ]
  ],
  "reprojection_error": 1.0631145848340322,
  "checkerboard_size": [
    17,
    12
  ],
  "square_size_cm": 1.0,
  "timestamp": "20250601_185530",
  "num_images": 41
}